Customer Id,First Name,Last Name,Company,City,Country,Phone,Email
CUST0001,First1,Last1,Company1,City1,India,+91-9000000001,customer1@example.com
CUST0002,First2,Last2,Company2,City2,India,+91-9000000002,customer2@example.com
CUST0003,First3,Last3,Company3,City3,India,+91-9000000003,customer3@example.com
CUST0004,First4,Last4,Company4,City4,India,+91-9000000004,customer4@example.com
CUST0005,First5,Last5,Company5,City5,India,+91-9000000005,customer5@example.com
CUST0006,First6,Last6,Company6,City6,India,+91-9000000006,customer6@example.com
CUST0007,First7,Last7,Company7,City7,India,+91-9000000007,customer7@example.com
CUST0008,First8,Last8,Company8,City8,India,+91-9000000008,customer8@example.com
CUST0009,First9,Last9,Company9,City9,India,+91-9000000009,customer9@example.com
CUST0010,First10,Last10,Company10,City10,India,+91-9000000010,customer10@example.com
CUST0011,First11,Last11,Company11,City11,India,+91-9000000011,customer11@example.com
CUST0012,First12,Last12,Company12,City12,India,+91-9000000012,customer12@example.com
CUST0013,First13,Last13,Company13,City13,India,+91-9000000013,customer13@example.com
CUST0014,First14,Last14,Company14,City14,India,+91-9000000014,customer14@example.com
CUST0015,First15,Last15,Company15,City15,India,+91-9000000015,customer15@example.com
CUST0016,First16,Last16,Company16,City16,India,+91-9000000016,customer16@example.com
CUST0017,First17,Last17,Company17,City17,India,+91-9000000017,customer17@example.com
CUST0018,First18,Last18,Company18,City18,India,+91-9000000018,customer18@example.com
CUST0019,First19,Last19,Company19,City19,India,+91-9000000019,customer19@example.com
CUST0020,First20,Last20,Company20,City20,India,+91-9000000020,customer20@example.com
CUST0021,First21,Last21,Company21,City21,India,+91-9000000021,customer21@example.com
CUST0022,First22,Last22,Company22,City22,India,+91-9000000022,customer22@example.com
CUST0023,First23,Last23,Company23,City23,India,+91-9000000023,customer23@example.com
CUST0024,First24,Last24,Company24,City24,India,+91-9000000024,customer24@example.com
CUST0025,First25,Last25,Company25,City25,India,+91-9000000025,customer25@example.com
CUST0026,First26,Last26,Company26,City26,India,+91-9000000026,customer26@example.com
CUST0027,First27,Last27,Company27,City27,India,+91-9000000027,customer27@example.com
CUST0028,First28,Last28,Company28,City28,India,+91-9000000028,customer28@example.com
CUST0029,First29,Last29,Company29,City29,India,+91-9000000029,customer29@example.com
CUST0030,First30,Last30,Company30,City30,India,+91-9000000030,customer30@example.com
CUST0031,First31,Last31,Company31,City31,India,+91-9000000031,customer31@example.com
CUST0032,First32,Last32,Company32,City32,India,+91-9000000032,customer32@example.com
CUST0033,First33,Last33,Company33,City33,India,+91-9000000033,customer33@example.com
CUST0034,First34,Last34,Company34,City34,India,+91-9000000034,customer34@example.com
CUST0035,First35,Last35,Company35,City35,India,+91-9000000035,customer35@example.com
CUST0036,First36,Last36,Company36,City36,India,+91-9000000036,customer36@example.com
CUST0037,First37,Last37,Company37,City37,India,+91-9000000037,customer37@example.com
CUST0038,First38,Last38,Company38,City38,India,+91-9000000038,customer38@example.com
CUST0039,First39,Last39,Company39,City39,India,+91-9000000039,customer39@example.com
CUST0040,First40,Last40,Company40,City40,India,+91-9000000040,customer40@example.com
CUST0041,First41,Last41,Company41,City41,India,+91-9000000041,customer41@example.com
CUST0042,First42,Last42,Company42,City42,India,+91-9000000042,customer42@example.com
CUST0043,First43,Last43,Company43,City43,India,+91-9000000043,customer43@example.com
CUST0044,First44,Last44,Company44,City44,India,+91-9000000044,customer44@example.com
CUST0045,First45,Last45,Company45,City45,India,+91-9000000045,customer45@example.com
CUST0046,First46,Last46,Company46,City46,India,+91-9000000046,customer46@example.com
CUST0047,First47,Last47,Company47,City47,India,+91-9000000047,customer47@example.com
CUST0048,First48,Last48,Company48,City48,India,+91-9000000048,customer48@example.com
CUST0049,First49,Last49,Company49,City49,India,+91-9000000049,customer49@example.com
CUST0050,First50,Last50,Company50,City50,India,+91-9000000050,customer50@example.com
CUST0051,First51,Last51,Company51,City51,India,+91-9000000051,customer51@example.com
CUST0052,First52,Last52,Company52,City52,India,+91-9000000052,customer52@example.com
CUST0053,First53,Last53,Company53,City53,India,+91-9000000053,customer53@example.com
CUST0054,First54,Last54,Company54,City54,India,+91-9000000054,customer54@example.com
CUST0055,First55,Last55,Company55,City55,India,+91-9000000055,customer55@example.com
CUST0056,First56,Last56,Company56,City56,India,+91-9000000056,customer56@example.com
CUST0057,First57,Last57,Company57,City57,India,+91-9000000057,customer57@example.com
CUST0058,First58,Last58,Company58,City58,India,+91-9000000058,customer58@example.com
CUST0059,First59,Last59,Company59,City59,India,+91-9000000059,customer59@example.com
CUST0060,First60,Last60,Company60,City60,India,+91-9000000060,customer60@example.com
CUST0061,First61,Last61,Company61,City61,India,+91-9000000061,customer61@example.com
CUST0062,First62,Last62,Company62,City62,India,+91-9000000062,customer62@example.com
CUST0063,First63,Last63,Company63,City63,India,+91-9000000063,customer63@example.com
CUST0064,First64,Last64,Company64,City64,India,+91-9000000064,customer64@example.com
CUST0065,First65,Last65,Company65,City65,India,+91-9000000065,customer65@example.com
CUST0066,First66,Last66,Company66,City66,India,+91-9000000066,customer66@example.com
CUST0067,First67,Last67,Company67,City67,India,+91-9000000067,customer67@example.com
CUST0068,First68,Last68,Company68,City68,India,+91-9000000068,customer68@example.com
CUST0069,First69,Last69,Company69,City69,India,+91-9000000069,customer69@example.com
CUST0070,First70,Last70,Company70,City70,India,+91-9000000070,customer70@example.com
CUST0071,First71,Last71,Company71,City71,India,+91-9000000071,customer71@example.com
CUST0072,First72,Last72,Company72,City72,India,+91-9000000072,customer72@example.com
CUST0073,First73,Last73,Company73,City73,India,+91-9000000073,customer73@example.com
CUST0074,First74,Last74,Company74,City74,India,+91-9000000074,customer74@example.com
CUST0075,First75,Last75,Company75,City75,India,+91-9000000075,customer75@example.com
CUST0076,First76,Last76,Company76,City76,India,+91-9000000076,customer76@example.com
CUST0077,First77,Last77,Company77,City77,India,+91-9000000077,customer77@example.com
CUST0078,First78,Last78,Company78,City78,India,+91-9000000078,customer78@example.com
CUST0079,First79,Last79,Company79,City79,India,+91-9000000079,customer79@example.com
CUST0080,First80,Last80,Company80,City80,India,+91-9000000080,customer80@example.com
CUST0081,First81,Last81,Company81,City81,India,+91-9000000081,customer81@example.com
CUST0082,First82,Last82,Company82,City82,India,+91-9000000082,customer82@example.com
CUST0083,First83,Last83,Company83,City83,India,+91-9000000083,customer83@example.com
CUST0084,First84,Last84,Company84,City84,India,+91-9000000084,customer84@example.com
CUST0085,First85,Last85,Company85,City85,India,+91-9000000085,customer85@example.com
CUST0086,First86,Last86,Company86,City86,India,+91-9000000086,customer86@example.com
CUST0087,First87,Last87,Company87,City87,India,+91-9000000087,customer87@example.com
CUST0088,First88,Last88,Company88,City88,India,+91-9000000088,customer88@example.com
CUST0089,First89,Last89,Company89,City89,India,+91-9000000089,customer89@example.com
CUST0090,First90,Last90,Company90,City90,India,+91-9000000090,customer90@example.com
CUST0091,First91,Last91,Company91,City91,India,+91-9000000091,customer91@example.com
CUST0092,First92,Last92,Company92,City92,India,+91-9000000092,customer92@example.com
CUST0093,First93,Last93,Company93,City93,India,+91-9000000093,customer93@example.com
CUST0094,First94,Last94,Company94,City94,India,+91-9000000094,customer94@example.com
CUST0095,First95,Last95,Company95,City95,India,+91-9000000095,customer95@example.com
CUST0096,First96,Last96,Company96,City96,India,+91-9000000096,customer96@example.com
CUST0097,First97,Last97,Company97,City97,India,+91-9000000097,customer97@example.com
CUST0098,First98,Last98,Company98,City98,India,+91-9000000098,customer98@example.com
CUST0099,First99,Last99,Company99,City99,India,+91-9000000099,customer99@example.com
CUST0100,First100,Last100,Company100,City100,India,+91-9000000100,customer100@example.com
